test_score,test_mean_acc_0,test_mean_acc_1,test_mean_acc_2,test_mean_acc_3
0.8060991421927288,0.016300811616040547,0.3025686102158414,0.8686857760951866,0.4823717948717949
